File 1 - Z:\Aditya S\Data\PNAS Nexus 2023\results\A-A + kinesin\video1\4_10_A-A+kn_001.nd2 - C=0 BARCODE Output\Channel 0\BinarizationData.csv,File 1 - Z:\Aditya S\Data\PNAS Nexus 2023\results\A-A + kinesin\video1\4_10_A-A+kn_001.nd2 - C=0 BARCODE Output\Channel 0\BinarizationData.csv,File 1 - Z:\Aditya S\Data\PNAS Nexus 2023\results\A-A + kinesin\video1\4_10_A-A+kn_001.nd2 - C=0 BARCODE Output\Channel 0\BinarizationData.csv,File 1 - Z:\Aditya S\Data\PNAS Nexus 2023\results\A-A + kinesin\video1\4_10_A-A+kn_001.nd2 - C=0 BARCODE Output\Channel 0\BinarizationData.csv,File 1 - Z:\Aditya S\Data\PNAS Nexus 2023\results\A-A + kinesin\video1\4_10_A-A+kn_001.nd2 - C=0 BARCODE Output\Channel 0\BinarizationData.csv,File 1 - Z:\Aditya S\Data\PNAS Nexus 2023\results\A-A + kinesin\video1\4_10_A-A+kn_001.nd2 - C=0 BARCODE Output\Channel 0\BinarizationData.csv,File 2 - Z:\Aditya S\Data\PNAS Nexus 2023\results\A-A + kinesin\video2\4_17_A-A+kn_002.nd2 - C=0 BARCODE Output\Channel 0\BinarizationData.csv,File 2 - Z:\Aditya S\Data\PNAS Nexus 2023\results\A-A + kinesin\video2\4_17_A-A+kn_002.nd2 - C=0 BARCODE Output\Channel 0\BinarizationData.csv,File 2 - Z:\Aditya S\Data\PNAS Nexus 2023\results\A-A + kinesin\video2\4_17_A-A+kn_002.nd2 - C=0 BARCODE Output\Channel 0\BinarizationData.csv,File 2 - Z:\Aditya S\Data\PNAS Nexus 2023\results\A-A + kinesin\video2\4_17_A-A+kn_002.nd2 - C=0 BARCODE Output\Channel 0\BinarizationData.csv,File 2 - Z:\Aditya S\Data\PNAS Nexus 2023\results\A-A + kinesin\video2\4_17_A-A+kn_002.nd2 - C=0 BARCODE Output\Channel 0\BinarizationData.csv,File 2 - Z:\Aditya S\Data\PNAS Nexus 2023\results\A-A + kinesin\video2\4_17_A-A+kn_002.nd2 - C=0 BARCODE Output\Channel 0\BinarizationData.csv,File 3 - Z:\Aditya S\Data\PNAS Nexus 2023\results\A-A + kinesin\video3\A\4_24_A-A+kn_003.nd2 - C=0 BARCODE Output\Channel 0\BinarizationData.csv,File 3 - Z:\Aditya S\Data\PNAS Nexus 2023\results\A-A + kinesin\video3\A\4_24_A-A+kn_003.nd2 - C=0 BARCODE Output\Channel 0\BinarizationData.csv,File 3 - Z:\Aditya S\Data\PNAS Nexus 2023\results\A-A + kinesin\video3\A\4_24_A-A+kn_003.nd2 - C=0 BARCODE Output\Channel 0\BinarizationData.csv,File 3 - Z:\Aditya S\Data\PNAS Nexus 2023\results\A-A + kinesin\video3\A\4_24_A-A+kn_003.nd2 - C=0 BARCODE Output\Channel 0\BinarizationData.csv,File 3 - Z:\Aditya S\Data\PNAS Nexus 2023\results\A-A + kinesin\video3\A\4_24_A-A+kn_003.nd2 - C=0 BARCODE Output\Channel 0\BinarizationData.csv,File 3 - Z:\Aditya S\Data\PNAS Nexus 2023\results\A-A + kinesin\video3\A\4_24_A-A+kn_003.nd2 - C=0 BARCODE Output\Channel 0\BinarizationData.csv,File 4 - Z:\Aditya S\Data\PNAS Nexus 2023\results\A-A + kinesin\video4\A\4_31_A-A+kn_004.nd2 - C=0 BARCODE Output\Channel 0\BinarizationData.csv,File 4 - Z:\Aditya S\Data\PNAS Nexus 2023\results\A-A + kinesin\video4\A\4_31_A-A+kn_004.nd2 - C=0 BARCODE Output\Channel 0\BinarizationData.csv,File 4 - Z:\Aditya S\Data\PNAS Nexus 2023\results\A-A + kinesin\video4\A\4_31_A-A+kn_004.nd2 - C=0 BARCODE Output\Channel 0\BinarizationData.csv,File 4 - Z:\Aditya S\Data\PNAS Nexus 2023\results\A-A + kinesin\video4\A\4_31_A-A+kn_004.nd2 - C=0 BARCODE Output\Channel 0\BinarizationData.csv,File 4 - Z:\Aditya S\Data\PNAS Nexus 2023\results\A-A + kinesin\video4\A\4_31_A-A+kn_004.nd2 - C=0 BARCODE Output\Channel 0\BinarizationData.csv,File 4 - Z:\Aditya S\Data\PNAS Nexus 2023\results\A-A + kinesin\video4\A\4_31_A-A+kn_004.nd2 - C=0 BARCODE Output\Channel 0\BinarizationData.csv,File 5 - Z:\Aditya S\Data\PNAS Nexus 2023\results\A-A + kinesin\video5\A\4_39_A-A+kn_005.nd2 - C=0 BARCODE Output\Channel 0\BinarizationData.csv,File 5 - Z:\Aditya S\Data\PNAS Nexus 2023\results\A-A + kinesin\video5\A\4_39_A-A+kn_005.nd2 - C=0 BARCODE Output\Channel 0\BinarizationData.csv,File 5 - Z:\Aditya S\Data\PNAS Nexus 2023\results\A-A + kinesin\video5\A\4_39_A-A+kn_005.nd2 - C=0 BARCODE Output\Channel 0\BinarizationData.csv,File 5 - Z:\Aditya S\Data\PNAS Nexus 2023\results\A-A + kinesin\video5\A\4_39_A-A+kn_005.nd2 - C=0 BARCODE Output\Channel 0\BinarizationData.csv,File 5 - Z:\Aditya S\Data\PNAS Nexus 2023\results\A-A + kinesin\video5\A\4_39_A-A+kn_005.nd2 - C=0 BARCODE Output\Channel 0\BinarizationData.csv,File 5 - Z:\Aditya S\Data\PNAS Nexus 2023\results\A-A + kinesin\video5\A\4_39_A-A+kn_005.nd2 - C=0 BARCODE Output\Channel 0\BinarizationData.csv,File 6 - Z:\Aditya S\Data\PNAS Nexus 2023\results\A-A + kinesin\video6\A\4_47_A-A+kn_006.nd2 - C=0 BARCODE Output\Channel 0\BinarizationData.csv,File 6 - Z:\Aditya S\Data\PNAS Nexus 2023\results\A-A + kinesin\video6\A\4_47_A-A+kn_006.nd2 - C=0 BARCODE Output\Channel 0\BinarizationData.csv,File 6 - Z:\Aditya S\Data\PNAS Nexus 2023\results\A-A + kinesin\video6\A\4_47_A-A+kn_006.nd2 - C=0 BARCODE Output\Channel 0\BinarizationData.csv,File 6 - Z:\Aditya S\Data\PNAS Nexus 2023\results\A-A + kinesin\video6\A\4_47_A-A+kn_006.nd2 - C=0 BARCODE Output\Channel 0\BinarizationData.csv,File 6 - Z:\Aditya S\Data\PNAS Nexus 2023\results\A-A + kinesin\video6\A\4_47_A-A+kn_006.nd2 - C=0 BARCODE Output\Channel 0\BinarizationData.csv,File 6 - Z:\Aditya S\Data\PNAS Nexus 2023\results\A-A + kinesin\video6\A\4_47_A-A+kn_006.nd2 - C=0 BARCODE Output\Channel 0\BinarizationData.csv
Frames,Number of Islands,Mean Island Area,Maximum Island Area,Mean Island Separation,Mean Anisotropy Factor,Frames,Number of Islands,Mean Island Area,Maximum Island Area,Mean Island Separation,Mean Anisotropy Factor,Frames,Number of Islands,Mean Island Area,Maximum Island Area,Mean Island Separation,Mean Anisotropy Factor,Frames,Number of Islands,Mean Island Area,Maximum Island Area,Mean Island Separation,Mean Anisotropy Factor,Frames,Number of Islands,Mean Island Area,Maximum Island Area,Mean Island Separation,Mean Anisotropy Factor,Frames,Number of Islands,Mean Island Area,Maximum Island Area,Mean Island Separation,Mean Anisotropy Factor
0.0,35.0,0.019308035714285715,0.668212890625,2.0,0.6474743558062502,0.0,127.0,0.004221037616879922,0.455078125,47.83511368639451,0.668566039404554,0.0,45.0,0.0109130859375,0.357177734375,52.531668193896195,0.6295566273168011,0.0,33.0,0.014235987807765152,0.448974609375,55.49297156026493,0.682367100127719,0,33,0.015012798887310606,0.47711181640625,59.17511259288364,0.6922456838122664,0.0,115.0,0.004697053328804348,0.49029541015625,66.38388846302522,0.6642574266439141
10.0,27.0,0.02492042824074074,0.66302490234375,45.662444145156115,0.6677090239178809,10.0,130.0,0.004146165114182692,0.45721435546875,52.26044588815079,0.6520413734479336,10.0,55.0,0.008989923650568181,0.3592529296875,49.47052778157202,0.6656396679619044,10.0,30.0,0.015620930989583334,0.27899169921875,54.67328081321913,0.6635822551035508,10,33,0.01495361328125,0.4732666015625,63.74063909593169,0.6598306516257967,10.0,108.0,0.005003752531828704,0.499755859375,64.1339368506724,0.6549955272064617
20.0,50.0,0.013448486328125,0.658203125,54.58640357494352,0.6695570358101413,20.0,122.0,0.004420546234631148,0.51165771484375,46.41692341970461,0.6727692829238057,20.0,49.0,0.009925063775510204,0.35504150390625,54.07299974638148,0.61879378522744,20.0,31.0,0.015107185609879033,0.44415283203125,51.57113813121482,0.649652796133151,20,21,0.02351016090029762,0.4794921875,55.92392403657844,0.6005560025806933,20.0,98.0,0.005546725526147959,0.5023193359375,62.392709297717374,0.6630289841377172
30.0,39.0,0.017124273838141024,0.65753173828125,55.314457066033015,0.6544133962963432,30.0,128.0,0.004213809967041016,0.50958251953125,43.98208658533777,0.6427228533032079,30.0,52.0,0.009340726412259616,0.349365234375,22.691590387203124,0.6804848316250691,30.0,26.0,0.017958420973557692,0.45391845703125,50.710667537416846,0.6705840200992166,30,33,0.014898126775568182,0.4766845703125,62.25746075556864,0.6866708263354554,30.0,113.0,0.0048034127834623895,0.50042724609375,71.85083986683793,0.6892734846606792
40.0,59.0,0.011295641882944915,0.65087890625,46.85246484605423,0.6592642294305558,40.0,135.0,0.004001193576388889,0.504150390625,43.89906340868823,0.6452822639362137,40.0,57.0,0.008506373355263159,0.26629638671875,43.74671380522309,0.6520794334134882,40.0,23.0,0.020300823709239132,0.28369140625,50.77999508816046,0.6738571383391644,40,29,0.01702880859375,0.47674560546875,60.372123350678514,0.6236610041782166,40.0,105.0,0.005169968377976191,0.4892578125,66.97432907018234,0.6502984229457002
50.0,55.0,0.012040571732954546,0.64501953125,61.98546949716604,0.679614362887323,50.0,117.0,0.004633976862980769,0.51544189453125,35.15117454621542,0.6617297589296333,50.0,52.0,0.009217482346754808,0.36065673828125,44.14226144077518,0.6678892368426619,50.0,22.0,0.02114313299005682,0.44854736328125,49.548796690691645,0.6547859200068813,50,32,0.01546478271484375,0.4765625,56.82768390752,0.6462106434005062,50.0,113.0,0.004807193722345133,0.48504638671875,69.3593843289938,0.6728892321765976
60.0,61.0,0.010947305648053279,0.6527099609375,47.73177570528912,0.6638377050754216,60.0,114.0,0.004743074115953948,0.5029296875,52.75778792888979,0.6729236427511115,60.0,54.0,0.008852358217592593,0.36431884765625,50.720613090296844,0.6395633815485074,60.0,34.0,0.013686236213235295,0.29315185546875,44.90718431843609,0.6505923468614951,60,29,0.01696356411637931,0.47540283203125,58.0838255404687,0.6542077047232666,60.0,116.0,0.00468023892106681,0.4954833984375,71.37969645919468,0.635920270680421
70.0,62.0,0.010687058971774193,0.6441650390625,49.281881819721235,0.6601051567659296,70.0,118.0,0.004578671212923728,0.51226806640625,25.079400124680443,0.6568588319687295,70.0,61.0,0.007729452164446721,0.25250244140625,49.08208948880996,0.6707312293294473,70.0,25.0,0.01861572265625,0.43951416015625,48.58529725355158,0.6429490590860857,70,26,0.018956111027644232,0.474365234375,54.6226273461024,0.6394050382276153,70.0,101.0,0.005437567682549505,0.51904296875,67.45423915649683,0.6502617224378185
80.0,65.0,0.010182542067307692,0.64404296875,62.51459371075184,0.652338409409784,80.0,121.0,0.004459601788481405,0.50872802734375,46.68691023107779,0.6750870902564418,80.0,52.0,0.009067241962139424,0.25048828125,53.325426239330014,0.6361428665679499,80.0,21.0,0.022208077566964284,0.3026123046875,44.92702409671244,0.6203334650855765,80,31,0.015924269153225805,0.47674560546875,62.03716763924881,0.6174990151559941,80.0,108.0,0.005086828161168982,0.50689697265625,55.9123434864742,0.6411885925343139
90.0,72.0,0.009099324544270834,0.61785888671875,55.20575556281373,0.684772398619524,90.0,111.0,0.004821227477477478,0.5086669921875,45.18489765741826,0.6643446627427033,90.0,53.0,0.00884433962264151,0.24853515625,24.00869905839059,0.6373746363709715,90.0,32.0,0.014455795288085938,0.30609130859375,39.67243347289981,0.6443838567523509,90,30,0.016361490885416666,0.473876953125,55.64437604130861,0.6366848363150303,90.0,114.0,0.004806786252741228,0.48590087890625,67.01044813936174,0.6532484427210484
100.0,81.0,0.008093563126929012,0.62164306640625,69.55451059878808,0.651770800212349,100.0,109.0,0.004881692588876147,0.510009765625,39.72809635328159,0.6602032589642249,100.0,54.0,0.00870655201099537,0.2431640625,45.02035269894309,0.6421364290106238,100.0,25.0,0.01849853515625,0.31060791015625,45.91979339057837,0.6774879079336655,100,32,0.015321731567382812,0.47271728515625,56.87734119282005,0.6386552551132142,100.0,107.0,0.005109840464369159,0.50714111328125,71.80768195403844,0.6581306708326019
110.0,89.0,0.007349592916081461,0.620361328125,48.25415390035087,0.6707175840325024,110.0,102.0,0.005202947878370098,0.506591796875,37.02362342726872,0.6660202058485684,110.0,51.0,0.00930486940870098,0.38897705078125,16.468585026551576,0.6545029116777882,110.0,25.0,0.0185400390625,0.31292724609375,43.848119069034254,0.7265670931612477,110,27,0.01817943431712963,0.474365234375,59.1698458885023,0.6050019177307392,110.0,96.0,0.005715688069661458,0.49267578125,59.307255579772274,0.671043778241566
120.0,79.0,0.008222748961629747,0.623291015625,73.57815723746518,0.6484385866256605,120.0,99.0,0.005345200047348485,0.50103759765625,42.54473082483017,0.6685233064740482,120.0,65.0,0.0072998046875,0.22845458984375,25.97982825940539,0.6654020045180828,120.0,29.0,0.015944908405172414,0.317138671875,42.81175090296979,0.678413462788401,120,31,0.01587307837701613,0.47467041015625,52.483264240300386,0.6529870580282784,120.0,97.0,0.005707730951997423,0.4940185546875,47.05584863204462,0.6553976354047922
130.0,75.0,0.00869140625,0.6209716796875,69.65350967738846,0.6613296792721868,130.0,113.0,0.00465433576465708,0.48809814453125,49.13647279811185,0.6519225348965417,130.0,46.0,0.01035872749660326,0.3935546875,33.60489022392174,0.6587797036196432,130.0,25.0,0.018525390625,0.44061279296875,47.130148203388444,0.6513088907731881,130,27,0.01818621600115741,0.47174072265625,56.497160191703976,0.6608472682426518,130.0,95.0,0.005731522409539474,0.4923095703125,61.92274023259739,0.6433708777029139
140.0,73.0,0.008845081068065069,0.626953125,72.0908632879191,0.6600184518378234,140.0,103.0,0.005113916489684466,0.48260498046875,35.52979469777842,0.6426880123199835,140.0,51.0,0.009157666973039215,0.39141845703125,25.646989722076984,0.685725675782666,140.0,31.0,0.014821698588709678,0.324951171875,45.68034555752709,0.6539017043728657,140,26,0.018852820763221152,0.47418212890625,57.18051933260992,0.6507344363650187,140.0,122.0,0.004493588306864754,0.51263427734375,52.018554659878085,0.687471592854309
150.0,67.0,0.00971825443097015,0.62762451171875,68.63537396882805,0.6392698870697969,150.0,88.0,0.005888505415482955,0.4931640625,51.9415382236895,0.6684479873608166,150.0,46.0,0.00994209621263587,0.38763427734375,31.030085200818682,0.677144709462137,150.0,28.0,0.016254970005580356,0.3265380859375,51.977158837824554,0.6078454460646034,150,29,0.016936203529094827,0.4737548828125,60.31697715058776,0.6722806227305739,150.0,105.0,0.005250767299107143,0.5,16.594883617909982,0.6556189716844536
160.0,81.0,0.007974506896219136,0.62451171875,65.05814498254165,0.6594761054255934,160.0,93.0,0.005598170782930107,0.492431640625,42.720195453411094,0.6596660404819679,160.0,61.0,0.007223160540471311,0.37017822265625,30.491036066858946,0.6537659016631785,160.0,36.0,0.012627495659722222,0.33099365234375,57.96687317139929,0.637898530207761,160,24,0.020350138346354168,0.47515869140625,59.80485616139897,0.6470998395643052,160.0,96.0,0.005779266357421875,0.53070068359375,70.74510129003036,0.6723028043404343
170.0,83.0,0.007779408650225903,0.61798095703125,63.87822473062022,0.6705444678267044,170.0,106.0,0.004891449550412736,0.48370361328125,38.088300976438425,0.6575930448376534,170.0,48.0,0.009068806966145834,0.38525390625,31.739516463354445,0.6371266181224644,170.0,27.0,0.016639992042824073,0.427490234375,51.0428479802064,0.6341261102426009,170,25,0.019619140625,0.47369384765625,56.794587487825005,0.6381022470891997,170.0,99.0,0.005554815735479798,0.505859375,44.775711579595495,0.6844783195777844
180.0,84.0,0.007619222005208333,0.6187744140625,47.653302118625575,0.6546311201432645,180.0,96.0,0.0053742726643880205,0.4840087890625,45.3096442132209,0.650927384113802,180.0,39.0,0.010962853064903846,0.33599853515625,24.78092603670941,0.6502131817962774,180.0,36.0,0.012463039822048612,0.33331298828125,51.83179363616004,0.6220527721756406,180,28,0.017373221261160716,0.46893310546875,53.55138357518606,0.6565057993895376,180.0,85.0,0.006559484145220588,0.490966796875,39.458001239575154,0.6487410274413543
190.0,90.0,0.007126871744791667,0.62030029296875,58.01574583781297,0.6611094508234088,190.0,88.0,0.005898909135298295,0.49237060546875,37.51321544765809,0.6594658978785385,190.0,44.0,0.009590842507102272,0.35235595703125,25.112807631442873,0.635606277708669,190.0,32.0,0.014066696166992188,0.3382568359375,50.471878284326465,0.6311600342173107,190,37,0.01311596019847973,0.4635009765625,54.170234986209245,0.6151552887960908,190.0,95.0,0.005892141241776316,0.500244140625,45.88691580251997,0.6595033062219529
200.0,99.0,0.006424104324494949,0.60943603515625,46.72995848900189,0.6671974592906585,200.0,67.0,0.007790636660447761,0.5023193359375,37.92408616461537,0.6348716015001398,200.0,29.0,0.014593716325431034,0.4058837890625,37.359625446419244,0.6247756013599367,200.0,23.0,0.01957901664402174,0.34515380859375,42.04655262209112,0.6399468083835295,200,34,0.014346852022058824,0.46990966796875,62.0670241108732,0.6379677990564159,200.0,93.0,0.005947318128360215,0.5216064453125,56.85728402086503,0.6580999133822287
210.0,96.0,0.0066445668538411455,0.61383056640625,60.18517111350461,0.6565961322572993,210.0,73.0,0.007211345515839041,0.50311279296875,26.658561817329034,0.6563606494639365,210.0,32.0,0.013265609741210938,0.38726806640625,47.62322705803583,0.6742226736330561,210.0,26.0,0.017042893629807692,0.3424072265625,46.132001610467036,0.6073677593191152,210,30,0.016231282552083334,0.46826171875,55.70070253638837,0.5619227689948345,210.0,104.0,0.005338815542367788,0.4974365234375,39.190823810305695,0.652042189357425
220.0,105.0,0.006022716703869047,0.6019287109375,54.09878985243426,0.6846942026067616,220.0,73.0,0.007280741652397261,0.50933837890625,41.65728039877288,0.6803175947461118,220.0,26.0,0.016742412860576924,0.40966796875,50.707494594563194,0.6476177256878864,220.0,27.0,0.01640037254050926,0.34637451171875,54.78402811544538,0.6194500805787968,220,28,0.017373221261160716,0.46807861328125,55.552960812386395,0.6339975778233734,220.0,88.0,0.006325461647727273,0.5052490234375,29.53500673848985,0.6502123486228666
230.0,96.0,0.006565093994140625,0.6053466796875,70.13831911403012,0.6709599120195494,230.0,74.0,0.007184002850506757,0.5123291015625,17.977693488614644,0.6788262390678859,230.0,28.0,0.015906197684151784,0.43212890625,49.27709099883697,0.614369361117409,230.0,22.0,0.020069469105113636,0.35162353515625,45.234381408099566,0.6367508945476184,230,31,0.015735257056451613,0.468994140625,57.68985121455587,0.6403027969225166,230.0,91.0,0.006083394144917582,0.495849609375,27.599160193332672,0.6611652656742706
240.0,92.0,0.006823332413383152,0.59649658203125,40.613857643098676,0.6701101086315812,240.0,64.0,0.008363723754882812,0.520263671875,36.09609347301419,0.643111565689808,240.0,26.0,0.017359806941105768,0.43084716796875,55.556782086234264,0.7155212110134498,240.0,31.0,0.014260568926411291,0.3544921875,48.4990749565594,0.643907817077629,240,37,0.01312255859375,0.46435546875,50.96452141497948,0.6465691238689987,240.0,102.0,0.0054249482996323525,0.48150634765625,58.468540811239514,0.6474607857991755
250.0,88.0,0.007123773748224432,0.60186767578125,45.464794246352824,0.6716484156962279,250.0,67.0,0.008043887010261194,0.52288818359375,13.935318154521841,0.6711457430767397,250.0,23.0,0.020024838654891304,0.44927978515625,33.14078667835607,0.6771613638644141,250.0,25.0,0.01747314453125,0.35675048828125,53.37728104806848,0.5952847152374484,250,34,0.014388140510110295,0.471435546875,60.0480975791724,0.6505484483756774,250.0,95.0,0.005872866981907894,0.52923583984375,49.11710355449473,0.6749306159937614
260.0,92.0,0.006779546323029891,0.6004638671875,36.22781381017869,0.6603129371945432,260.0,60.0,0.0089813232421875,0.525146484375,48.305691417083246,0.6809503174411459,260.0,19.0,0.02498265316611842,0.46826171875,52.09783331419864,0.664912967899027,260.0,33.0,0.013178045099431818,0.36114501953125,41.05070976874519,0.6277299289942531,260,32,0.015237808227539062,0.46484375,50.06455330873841,0.647202562702298,260.0,90.0,0.006155056423611111,0.48114013671875,43.825881624554455,0.6624007605479878
270.0,95.0,0.006562243009868421,0.59600830078125,51.01178958098295,0.65417944112785,270.0,64.0,0.008474349975585938,0.52886962890625,31.952526762623723,0.6405773996998315,270.0,36.0,0.013297186957465278,0.46685791015625,11.540015110577468,0.6680135647611063,270.0,37.0,0.011682458826013514,0.3626708984375,56.2679629598467,0.6664224307830394,270,33,0.014696525804924242,0.46343994140625,41.0588353886955,0.6111638154694161,270.0,97.0,0.005764361509342783,0.49920654296875,37.83375631416277,0.6622575375311129
280.0,87.0,0.0071460241558908046,0.60162353515625,27.707746191053758,0.6709888099065969,280.0,62.0,0.008790046938004033,0.5281982421875,51.40078373140686,0.6538086967272085,280.0,31.0,0.01568997290826613,0.4781494140625,45.742201960939006,0.6338024389836807,280.0,36.0,0.011979844835069444,0.36474609375,33.496719453680356,0.6511906891772482,280,33,0.01472796815814394,0.46331787109375,32.68722994903972,0.5870767831671341,280.0,82.0,0.006840403487042683,0.54095458984375,45.38313770997921,0.659588481920213
290.0,91.0,0.006841303228021978,0.59967041015625,53.349151943386005,0.6601275809896193,290.0,64.0,0.008554458618164062,0.52752685546875,61.484160932577595,0.6579092706195727,290.0,30.0,0.016341145833333334,0.474853515625,63.3445223781454,0.6504808977173593,290.0,35.0,0.012302943638392858,0.36968994140625,50.292373066181185,0.6295720010768837,290,30,0.016255696614583332,0.4677734375,39.65080783086701,0.6413846339053443,290.0,86.0,0.0065328908521075585,0.54058837890625,2.0,0.6482030078563678
300.0,103.0,0.005943520555218447,0.58795166015625,66.06523547605605,0.6589576065230335,300.0,72.0,0.007737901475694444,0.540771484375,56.51080868531998,0.671490955018644,300.0,33.0,0.014768658262310606,0.46539306640625,55.52123975650784,0.6863097412819874,300.0,35.0,0.012294224330357142,0.37176513671875,33.13243122782762,0.6114069162134184,300,35,0.0139404296875,0.46807861328125,30.84948652906334,0.6873346845715212,300.0,79.0,0.007051492039161392,0.4671630859375,29.5226438451742,0.6568568626763145
310.0,99.0,0.006266892558396465,0.5985107421875,40.24245607068403,0.6678151719488269,310.0,67.0,0.008312623892257462,0.5389404296875,20.750217736422435,0.6568774495325617,310.0,27.0,0.01823820891203704,0.468017578125,3.8387259555934357,0.6875731129947427,310.0,42.0,0.010219029017857142,0.37432861328125,36.470529851693314,0.6221489440338922,310,32,0.01519012451171875,0.46771240234375,30.73554323459861,0.6295770637980284,310.0,80.0,0.006927490234375,0.535888671875,29.163238791600985,0.67641797285367
320.0,106.0,0.005811007517688679,0.588134765625,49.19977685578427,0.6699430677796306,320.0,60.0,0.0092010498046875,0.5382080078125,52.28873632324681,0.6538109153133794,320.0,31.0,0.01583960748487903,0.45721435546875,6.280484277284187,0.6736905147185233,320.0,30.0,0.014265950520833333,0.3775634765625,41.31046129478315,0.6857700620167977,320,33,0.014739065459280304,0.461669921875,37.39844534494887,0.6054884045716075,320.0,87.0,0.006412199173850575,0.4947509765625,29.880348913245307,0.6620394838156821
330.0,115.0,0.005294667119565217,0.580078125,47.53874656363603,0.6649235150050803,330.0,61.0,0.009077228483606557,0.52392578125,61.86796084792264,0.6443956138956808,330.0,28.0,0.017510550362723216,0.434814453125,29.099334524149896,0.6382227554886324,330.0,40.0,0.01065521240234375,0.3787841796875,43.48852486601412,0.616032570962506,330,36,0.013480292426215278,0.4615478515625,48.95911449092341,0.6237749184694221,330.0,78.0,0.007140330779246795,0.5377197265625,45.7549142613013,0.6608224033447652
340.0,121.0,0.0050835727660123965,0.5833740234375,50.3505145085388,0.6617860553522374,340.0,57.0,0.009748492324561403,0.53350830078125,40.73738795534021,0.6457847674717943,340.0,39.0,0.012494991987179488,0.42547607421875,23.186671804539547,0.6648457461479732,340.0,35.0,0.01219482421875,0.38232421875,42.57935080473098,0.6407604209276819,340,31,0.015601373487903226,0.45611572265625,48.83032251150571,0.6602621801592258,340.0,89.0,0.006229014878862359,0.5294189453125,48.00574927438342,0.6502550311679341
350.0,102.0,0.005980846928615196,0.57958984375,59.345346808024246,0.6692345543125503,350.0,51.0,0.010939654181985295,0.53936767578125,52.83220777255263,0.6542018551256185,350.0,46.0,0.010636039402173914,0.4093017578125,48.83657313606683,0.6500450411842125,350.0,39.0,0.010850172776442308,0.381103515625,42.23844541000685,0.64669952930619,350,32,0.015209197998046875,0.46734619140625,39.49534327243714,0.6574877986482494,350.0,89.0,0.006230386455407303,0.47637939453125,40.52249129593486,0.6692515772695022
360.0,104.0,0.005814185509314904,0.5770263671875,42.15177102284685,0.660667901723456,360.0,51.0,0.010973163679534314,0.54937744140625,3.1622776601683795,0.6696660687131825,360.0,38.0,0.012794896175986841,0.4677734375,43.01033079405982,0.6810397430920243,360.0,34.0,0.012404497931985295,0.3819580078125,41.18206392194543,0.6615192766097854,360,35,0.013926478794642858,0.46185302734375,36.38171458433121,0.6608668573688697,360.0,86.0,0.006429273028706395,0.52752685546875,52.695021920624356,0.666211737142332
370.0,131.0,0.004632149033874045,0.57421875,50.85691003946557,0.6620431040984321,370.0,59.0,0.009569071106991525,0.54638671875,16.84476944783907,0.6652907000749312,370.0,41.0,0.011580304401676829,0.39996337890625,47.353535202363375,0.6271935772983661,370.0,36.0,0.011705186631944444,0.38262939453125,43.77401453065259,0.5959878022798125,370,26,0.018693190354567308,0.46044921875,42.13561546784072,0.6680822134602131,370.0,81.0,0.006860050154320988,0.53656005859375,32.390035455257156,0.6590359388691142
380.0,110.0,0.005470414595170454,0.56768798828125,55.686774614604445,0.6586009914368398,380.0,50.0,0.01128662109375,0.5469970703125,43.54826550836157,0.6575897445727164,380.0,49.0,0.009702098612882654,0.38763427734375,46.833178084792834,0.6556241150370951,380.0,35.0,0.01195068359375,0.38128662109375,46.73584928137117,0.641190688958824,380,31,0.015617124495967742,0.4569091796875,43.48819083731574,0.6574082376634834,380.0,85.0,0.006528607536764706,0.53533935546875,36.36079895367049,0.6540518102200877
390.0,112.0,0.005365644182477679,0.56988525390625,52.8867754241767,0.6731468115938776,390.0,55.0,0.010283868963068182,0.54888916015625,56.455415998919875,0.6760941588630414,390.0,58.0,0.008137670056573275,0.38397216796875,58.082626231358084,0.652665578413569,390.0,30.0,0.013859049479166666,0.38214111328125,47.33682707617192,0.6183617118858549,390,35,0.013837541852678572,0.4588623046875,47.064700117534464,0.679183427506508,390.0,77.0,0.007162515219155844,0.53094482421875,23.32782427276147,0.6681158031287224
400.0,109.0,0.00551780210722477,0.57183837890625,51.971852317252555,0.6803323594109867,400.0,57.0,0.009860925507127192,0.545166015625,31.74600520604509,0.6648844633316973,400.0,60.0,0.0078338623046875,0.38250732421875,49.792558267416865,0.668224218746535,400.0,37.0,0.01127170872043919,0.38055419921875,54.06249617481134,0.5943218465513032,400,37,0.013107712204391891,0.46575927734375,46.869620854890194,0.6708707420298026,400.0,84.0,0.006574358258928571,0.4302978515625,16.57139065392188,0.6663554738386589
410.0,113.0,0.005316000069137168,0.57037353515625,61.12645882919558,0.6640881770876753,410.0,63.0,0.009028359064980158,0.55145263671875,41.928821239463936,0.6816014363625935,410.0,67.0,0.00695527489505597,0.2855224609375,40.68521285844699,0.6433763958292528,410.0,30.0,0.013716634114583333,0.3773193359375,48.81492237524954,0.6556381596947664,410,33,0.014644738399621212,0.45849609375,43.34943059184239,0.6658130696021269,410.0,95.0,0.005819541529605263,0.4307861328125,36.461788772823944,0.6523893845245664
420.0,124.0,0.004792736422631049,0.5047607421875,61.69622682563791,0.6619814153260526,420.0,58.0,0.009663548962823275,0.54193115234375,39.62913853357291,0.6931267635883926,420.0,72.0,0.006476508246527778,0.354736328125,27.051453992699816,0.6392609586301824,420.0,33.0,0.012367942116477272,0.377197265625,53.51772072890462,0.6077852874842011,420,30,0.0161376953125,0.4560546875,40.491031215819035,0.658992028226201,420.0,85.0,0.006428797104779412,0.43328857421875,39.748445240583095,0.6485541037852608
430.0,123.0,0.004854031694613821,0.56573486328125,49.96718042757852,0.6475514497126778,430.0,70.0,0.007905796595982144,0.5191650390625,41.34077398884112,0.6424286738029562,430.0,66.0,0.006951534386837121,0.34210205078125,52.421525652726224,0.6658456301663744,430.0,33.0,0.012336499763257576,0.37542724609375,47.45903965780269,0.6476612018980809,430,35,0.013846261160714286,0.45489501953125,46.543237056790325,0.6583042999012412,430.0,88.0,0.006265120072798295,0.47747802734375,31.44921023911202,0.6483062049356665
440.0,136.0,0.00437613094554228,0.56048583984375,50.52742605867099,0.6677623231625976,440.0,82.0,0.006645388719512195,0.5194091796875,38.9336308300758,0.6669087659893592,440.0,59.0,0.007660429356461864,0.22308349609375,43.17007147995783,0.664110298584357,440.0,35.0,0.011539132254464285,0.3707275390625,57.77256313142819,0.6849351535614407,440,31,0.015648626512096774,0.4609375,51.077557112514505,0.640844982455009,440.0,89.0,0.0061364334620786515,0.32373046875,24.353365298730747,0.6679691756099915
450.0,118.0,0.005017813989671611,0.56109619140625,63.94614273401555,0.6824445608215634,450.0,74.0,0.0073621595228040545,0.50799560546875,37.99712304191842,0.6786878232408271,450.0,66.0,0.006724039713541667,0.220947265625,40.03302570810955,0.66570282880257,450.0,37.0,0.010860958614864864,0.37164306640625,49.90507442086282,0.6523566177453298,450,31,0.015548213835685484,0.4619140625,46.48406126752847,0.6475140371401925,450.0,87.0,0.006323101876795977,0.51336669921875,25.20069121549421,0.6626988531429071
460.0,116.0,0.005119586813038793,0.5635986328125,55.72984593960758,0.676678513518835,460.0,86.0,0.0063497853833575585,0.49444580078125,45.03955627379867,0.665126954368399,460.0,67.0,0.006567200618003731,0.145751953125,40.301352118107715,0.628569456238014,460.0,23.0,0.01736052139945652,0.372314453125,53.05762493510693,0.5951324800461616,460,26,0.018524169921875,0.45013427734375,45.13709741020477,0.6473704364818884,460.0,96.0,0.0056463877360026045,0.28515625,24.19700207890949,0.659233090424044
470.0,124.0,0.004770586567540322,0.5592041015625,57.34086142579085,0.661085071808463,470.0,85.0,0.006435259650735294,0.50994873046875,55.65188393652161,0.6760607362208422,470.0,65.0,0.006734525240384616,0.30010986328125,40.42149562007997,0.6831616404178527,470.0,28.0,0.014240809849330358,0.37310791015625,43.223300849169064,0.5844871613631112,470,34,0.014201444738051471,0.4501953125,47.857098245797346,0.6369396874517675,470.0,103.0,0.005260874924150486,0.40185546875,25.401921649574653,0.6739288377382409
480.0,110.0,0.005323375355113636,0.55523681640625,57.517816737667914,0.6594722548461773,480.0,82.0,0.006702702219893292,0.513916015625,53.568900595137364,0.6476480989937511,480.0,60.0,0.007220458984375,0.24578857421875,41.88438611354253,0.6520051759374503,480.0,31.0,0.012894168976814516,0.37060546875,50.33744956274094,0.6350178587238512,480,33,0.01462994199810606,0.46148681640625,40.26485564840666,0.7051995627994775,480.0,97.0,0.005559233046069588,0.4083251953125,23.79954790169746,0.659245774364341
490.0,123.0,0.004759253525152439,0.50482177734375,57.16967651871747,0.6728450421791549,490.0,69.0,0.007916878962862318,0.44342041015625,57.30004271629632,0.6643658878858875,490.0,70.0,0.006178501674107143,0.2606201171875,45.69164791079697,0.6618139640048679,490.0,33.0,0.01210345643939394,0.37030029296875,49.485815450214986,0.5863953298809274,490,28,0.017290387834821428,0.4517822265625,46.591487776684296,0.6447561052963062,490.0,96.0,0.0056044260660807295,0.40679931640625,28.39351746605991,0.6682001991350844
500.0,102.0,0.0057708141850490195,0.5137939453125,32.047054699861846,0.6507996920038934,500.0,67.0,0.008153203708022388,0.52484130859375,56.897955178586194,0.64906410543154,500.0,72.0,0.00592041015625,0.2513427734375,50.907470121157466,0.6391130230803835,500.0,31.0,0.012904013356854838,0.3736572265625,50.11078834889648,0.6081844056952168,500,30,0.016074625651041667,0.46099853515625,56.71736825317312,0.6970815618874746,500.0,91.0,0.005912361564217033,0.40673828125,33.57558916133867,0.670276937266601
510.0,117.0,0.005044529580662393,0.56298828125,48.323052152900374,0.6484776430422923,510.0,71.0,0.00765776298415493,0.46014404296875,54.63594914711116,0.6624394819006386,510.0,80.0,0.005231475830078125,0.16278076171875,44.13217281908297,0.6604306848812201,510.0,29.0,0.013810782596982759,0.37115478515625,48.63757466825202,0.6109550766968445,510,31,0.015538369455645162,0.4556884765625,49.227294258222415,0.7111556725089473,510.0,93.0,0.005775369623655914,0.5128173828125,22.817624790414854,0.6623711257539218
520.0,116.0,0.005063287143049569,0.50848388671875,51.81179482803578,0.6632176329458819,520.0,76.0,0.007115414268092105,0.470458984375,60.01291650483036,0.6456002232428845,520.0,69.0,0.006021250849184783,0.248291015625,45.06602438844754,0.6331020538497149,520.0,21.0,0.01909237816220238,0.372314453125,42.844335422664315,0.6348955992319154,520,27,0.017781575520833332,0.45281982421875,36.85266067227491,0.6806636323431151,520.0,97.0,0.005479950265786082,0.26788330078125,33.38902888227831,0.6562246810913561
530.0,115.0,0.005080778702445652,0.50799560546875,53.4515676965743,0.6520050827006812,530.0,54.0,0.009944209346064815,0.47149658203125,55.08862759711186,0.6431029658967599,530.0,77.0,0.005420238940746753,0.24884033203125,47.34434759020349,0.6387651131934126,530.0,20.0,0.0199676513671875,0.3817138671875,42.7391133727692,0.6563165104540751,530,28,0.017209734235491072,0.46112060546875,43.62860258704858,0.6652657867143762,530.0,100.0,0.0053338623046875,0.503662109375,43.06103934585307,0.6480914393735263
540.0,103.0,0.005665603193264563,0.5015869140625,60.57149467595552,0.6541669343491298,540.0,49.0,0.010945222815688776,0.50946044921875,43.1633875027104,0.6599688581842397,540.0,82.0,0.005094946884527439,0.24749755859375,47.88626620269692,0.627210605389683,540.0,22.0,0.018141313032670456,0.380615234375,44.017735898150775,0.6779791319488233,540,34,0.014143999885110295,0.44647216796875,47.34654619300005,0.7118611611041435,540.0,107.0,0.004996326482184579,0.3233642578125,32.193524097014546,0.6782244610837377
550.0,121.0,0.0047894942858987604,0.50384521484375,56.22998296134472,0.6669217347795003,550.0,59.0,0.009019754700741525,0.46795654296875,53.54322530684653,0.62564306110847,550.0,71.0,0.005883445202464789,0.2611083984375,47.414931807012344,0.6200860285612202,550.0,17.0,0.02349853515625,0.38763427734375,30.860383498255487,0.6701876011502614,550,30,0.016017659505208334,0.45806884765625,51.58933884647607,0.6500984960601229,550.0,89.0,0.005977330582865169,0.47589111328125,30.67458038028576,0.6584131657566625
560.0,122.0,0.004772248815317623,0.50628662109375,38.19442001865526,0.6863956643408541,560.0,50.0,0.01070556640625,0.50689697265625,42.21706455033903,0.658068174025345,560.0,84.0,0.004986717587425595,0.32037353515625,53.147840048167076,0.672527641167291,560.0,16.0,0.024974822998046875,0.38446044921875,42.87698182699161,0.6646862935741162,560,24,0.020001729329427082,0.45904541015625,49.389526514861515,0.6688076518255136,560.0,91.0,0.005748706859546703,0.48370361328125,25.33702750484063,0.6776267573436778
570.0,127.0,0.004553126537893701,0.49847412109375,43.369177292622986,0.6768357338031357,570.0,47.0,0.011443442486702128,0.50042724609375,56.634681426701675,0.6244605707430707,570.0,86.0,0.0049055232558139535,0.25836181640625,46.70013310230478,0.6403193680853724,570.0,18.0,0.022393120659722224,0.3876953125,38.220066384665884,0.6668937647257485,570,32,0.015031814575195312,0.45904541015625,47.62921705528941,0.658210123108918,570.0,99.0,0.005327321062184343,0.49798583984375,22.000382274521993,0.6602683968280122
580.0,128.0,0.004475593566894531,0.50115966796875,36.86131315441884,0.6637555522476573,580.0,53.0,0.010181355026533018,0.50537109375,42.368037853775526,0.6443830237352361,580.0,86.0,0.004887070766715116,0.31085205078125,53.20608581692557,0.6395158947202719,580.0,22.0,0.018232865767045456,0.38714599609375,36.98387258683777,0.5725174392574067,580,28,0.017131260463169644,0.45623779296875,51.399603686935755,0.7070898553043508,580.0,94.0,0.005530824052526596,0.4959716796875,49.165142616466014,0.663103520213998
590.0,119.0,0.00486639968487395,0.50396728515625,53.459849821302186,0.6822947899937886,590.0,60.0,0.008986409505208333,0.51409912109375,26.952597820332844,0.6238376685742002,590.0,60.0,0.007072957356770834,0.295654296875,42.51201015730413,0.6245207055025074,590.0,21.0,0.019208635602678572,0.39166259765625,30.6841007546498,0.608975594604637,590,35,0.013638741629464286,0.45379638671875,49.270606499482376,0.6493444243211483,590.0,91.0,0.005792303399725275,0.3948974609375,28.598180458149784,0.6626949314217693
600.0,105.0,0.005465262276785714,0.50604248046875,15.096848006032697,0.6553217832752375,600.0,41.0,0.013116603944359756,0.51751708984375,25.08398404053069,0.639261111310404,600.0,78.0,0.005471254006410256,0.30841064453125,41.56135576378008,0.6912858033110688,600.0,21.0,0.019272577194940476,0.39154052734375,38.059391052647285,0.6319055600193353,600,29,0.016485806169181036,0.45550537109375,49.76566535868373,0.6413698743597609,600.0,102.0,0.005123362821691176,0.4561767578125,48.13972144120829,0.6843249205357687
610.0,116.0,0.004948583142510776,0.49749755859375,46.587791050407176,0.6549342084964975,610.0,61.0,0.00864197777920082,0.50433349609375,56.79776146978247,0.6478907882117632,610.0,64.0,0.0067596435546875,0.29119873046875,41.6897941172098,0.6581556396434443,610.0,18.0,0.022437201605902776,0.39007568359375,44.1715658020979,0.6673222948905393,610,37,0.012924606735641891,0.4539794921875,47.838219600501645,0.6762000411919052,610.0,108.0,0.004874335394965278,0.45025634765625,37.910613203260404,0.6576547900283116
620.0,123.0,0.004675888433689024,0.50531005859375,52.325758512137995,0.6603629599914941,620.0,61.0,0.0084258532914959,0.4906005859375,54.540639842967835,0.6544315047485905,620.0,70.0,0.0061279296875,0.31640625,50.867645337581635,0.6632983379175772,620.0,18.0,0.022450764973958332,0.390380859375,36.682083675865414,0.7038713018268884,620,33,0.01443204012784091,0.44940185546875,49.828218543968255,0.7112578858606821,620.0,93.0,0.005560105846774193,0.32586669921875,28.988749958859692,0.6669121642889062
630.0,122.0,0.00472472143954918,0.50347900390625,41.983829947134005,0.6552786255284913,630.0,57.0,0.008942185786732455,0.4814453125,54.25839681546076,0.6520280953614183,630.0,68.0,0.006344963522518382,0.298583984375,47.574649196988894,0.6356186090760144,630.0,18.0,0.022535536024305556,0.39453125,38.14992771668663,0.6104993046472297,630,32,0.014898300170898438,0.4515380859375,48.569423500264094,0.6757727598227845,630.0,112.0,0.004668099539620536,0.391357421875,37.79446458780719,0.6623291215541857
640.0,123.0,0.0046629866933434955,0.5054931640625,64.07025841107027,0.6629623536488933,640.0,62.0,0.008097002583165322,0.47503662109375,51.819143399319515,0.666230464933895,640.0,71.0,0.0061473577794894365,0.32977294921875,55.33188922710618,0.6462300116115215,640.0,13.0,0.03137676532451923,0.3958740234375,39.20470540604974,0.674820243440625,640,33,0.014459783380681818,0.45025634765625,48.908700503793334,0.6461639346481726,640.0,91.0,0.005707793183379121,0.48876953125,39.425580494194854,0.66808925796066
650.0,112.0,0.0051422119140625,0.511474609375,43.221043721793464,0.6672639145700145,650.0,78.0,0.00637973883213141,0.46240234375,45.4686570303036,0.655590183659413,650.0,58.0,0.007422085466056034,0.3367919921875,46.98201115895153,0.6516815604910323,650.0,16.0,0.02548980712890625,0.39508056640625,40.739624699532406,0.6769632537659348,650,36,0.013200547960069444,0.44879150390625,51.34719704172429,0.6275160606776498,650.0,99.0,0.005222513218118687,0.4581298828125,27.64756312179368,0.6633224400585574
660.0,107.0,0.0052872417129088784,0.50384521484375,61.75720596697047,0.6649236232391041,660.0,75.0,0.00642822265625,0.45587158203125,43.2791340163131,0.6509684614461083,660.0,71.0,0.0061103928257042256,0.248291015625,47.70854700113812,0.651052736491005,660.0,14.0,0.029000418526785716,0.39483642578125,40.724878184565604,0.6880565070210415,660,27,0.017600730613425927,0.447509765625,46.89048929886568,0.6452287543264661,660.0,85.0,0.0060640222886029415,0.39739990234375,34.213310185612706,0.6515651965455131
670.0,107.0,0.005301502263434579,0.504150390625,39.74892660944398,0.6615478021720664,670.0,91.0,0.005280547089629121,0.45196533203125,65.47930429028361,0.627812485702563,670.0,67.0,0.006426910855876866,0.24566650390625,50.32041080984507,0.6402745266334102,670.0,20.0,0.0203887939453125,0.3963623046875,41.45866763740088,0.6924494429769273,670,30,0.015797932942708332,0.448974609375,46.55284429296925,0.6694636920866207,670.0,86.0,0.005975057912427325,0.48065185546875,22.81739148392972,0.670548121496849
680.0,115.0,0.004921025815217392,0.50396728515625,48.387237343257766,0.6649950456732933,680.0,97.0,0.004930633859536082,0.4361572265625,45.8533666098336,0.5959515367828541,680.0,61.0,0.007080078125,0.357177734375,44.45751567967236,0.6846861981045809,680.0,20.0,0.020623779296875,0.40283203125,28.909445144081882,0.6393255894954708,680,38,0.012480083264802632,0.445556640625,49.09164826368315,0.6647681954046704,680.0,100.0,0.0051312255859375,0.3875732421875,30.805504305141724,0.6544342253036349
690.0,116.0,0.004892809637661638,0.507080078125,60.632818296283546,0.6546203354457281,690.0,110.0,0.0042702414772727276,0.4185791015625,64.35341057118232,0.6368927760521106,690.0,44.0,0.009800304066051136,0.36883544921875,47.768793951760046,0.6669275994375379,690.0,18.0,0.02288818359375,0.40093994140625,45.27466108424374,0.6377021305253567,690,28,0.016945975167410716,0.44647216796875,53.83790723575542,0.6847888583169822,690.0,95.0,0.005391010485197368,0.447509765625,40.04101120511754,0.6594398462945775
700.0,123.0,0.004580117822662602,0.5032958984375,45.106327243421205,0.6601740680861545,700.0,120.0,0.0039560953776041664,0.4102783203125,54.617217201067064,0.6453271856142883,700.0,56.0,0.007758004324776786,0.37744140625,42.8867352791096,0.6416009671809196,700.0,21.0,0.01973760695684524,0.40374755859375,43.512370670192254,0.7187732002072059,700,34,0.013914220473345588,0.445068359375,49.06227496564331,0.6615273895798838,700.0,100.0,0.0051409912109375,0.3734130859375,19.735110423180952,0.6656529887364635
710.0,108.0,0.005163122106481482,0.498046875,62.48789760244613,0.6494444389803823,710.0,143.0,0.003322788051791958,0.40362548828125,59.407647641832035,0.6422147085810231,710.0,44.0,0.009883533824573864,0.377197265625,52.7403395417785,0.6323822399981293,710.0,14.0,0.029837472098214284,0.4097900390625,32.24358113599563,0.7222399491414174,710,35,0.013570731026785715,0.44329833984375,43.81427306555705,0.6619256193715528,710.0,93.0,0.005436066658266129,0.48095703125,22.65377428833819,0.6660881846637149
720.0,107.0,0.005247882593457944,0.50592041015625,49.43889156506042,0.6564079166343539,720.0,107.0,0.0044749607549649534,0.3978271484375,56.415045113969946,0.6461830883725341,720.0,43.0,0.010143191315406976,0.3941650390625,38.22260795892025,0.6310429313958903,720.0,18.0,0.023451063368055556,0.41253662109375,37.91220590306577,0.6968430939895622,720,35,0.013502720424107143,0.44134521484375,42.059568253084436,0.6722442034431192,720.0,100.0,0.005098876953125,0.4688720703125,47.603309247538085,0.6666182533248246
730.0,102.0,0.005485385071997549,0.49932861328125,61.64567719334931,0.6469104713446654,730.0,130.0,0.0036818284254807694,0.384033203125,57.000367186465425,0.6738038856565753,730.0,44.0,0.00989046963778409,0.3914794921875,45.601209564171945,0.6503430881332155,730.0,19.0,0.022361353824013157,0.4156494140625,48.51289418292697,0.6330937812629156,730,23,0.020414932914402172,0.44207763671875,45.542973923491616,0.6814231093995474,730.0,88.0,0.005827470259232955,0.400390625,35.64227937022761,0.6662480381414667
740.0,85.0,0.00667724609375,0.52020263671875,35.77019349618718,0.665674298398969,740.0,123.0,0.0038065096227134147,0.2586669921875,60.13024718603131,0.6366186316903281,740.0,35.0,0.012554059709821428,0.406494140625,50.62458218726715,0.6448045064012413,740.0,18.0,0.023854573567708332,0.4185791015625,47.95959334903037,0.671911874235263,740,27,0.017555519386574073,0.44287109375,41.299841060461326,0.6649395389083431,740.0,87.0,0.005841836161997126,0.47821044921875,40.391965304145984,0.6666562593816506
750.0,96.0,0.0058422088623046875,0.50909423828125,48.492192094188255,0.6866489455591577,750.0,145.0,0.003110267376077586,0.28411865234375,59.377415526889045,0.6263206304311996,750.0,46.0,0.009590480638586956,0.4071044921875,48.386353610220006,0.6493724926776645,750.0,17.0,0.025315228630514705,0.41998291015625,49.99115531174917,0.6375916506674291,750,24,0.019795735677083332,0.4434814453125,43.96463974084051,0.6585989418492985,750.0,95.0,0.005355674342105263,0.4566650390625,38.55242139751515,0.6783525003807209
760.0,106.0,0.005299118329893868,0.50970458984375,68.0642457012482,0.6624579714010783,760.0,117.0,0.0038248697916666665,0.325927734375,51.11158296662552,0.6709656571878572,760.0,41.0,0.010780892721036585,0.40570068359375,37.56226754357352,0.6538750516486951,760.0,16.0,0.0269927978515625,0.4208984375,38.878198825397014,0.7029420481848809,760,22,0.0216064453125,0.44329833984375,43.26746064971001,0.6659277351980771,760.0,93.0,0.005461005754368279,0.3955078125,29.197905877112436,0.675540857455273
770.0,103.0,0.00545701702821602,0.5107421875,62.86466293743297,0.6794748753010571,770.0,141.0,0.0031400639960106383,0.31768798828125,52.70292570653378,0.6709969432852279,770.0,45.0,0.0098388671875,0.414794921875,46.36161037377459,0.640045641940063,770.0,15.0,0.028914388020833334,0.42120361328125,39.74087687997339,0.6822277868464305,770,32,0.01477813720703125,0.43994140625,44.17138582322426,0.6423605380126928,770.0,105.0,0.004831659226190476,0.39093017578125,35.825246017977705,0.6596773808211228
780.0,99.0,0.005695381549873737,0.518798828125,42.67020745795564,0.6595547675159975,780.0,111.0,0.003952988633164414,0.37408447265625,54.88553071634194,0.6741554803417619,780.0,35.0,0.012674386160714285,0.41925048828125,44.92636011602632,0.6814100473952117,780.0,15.0,0.028946940104166666,0.42205810546875,38.67535971406307,0.6632806612743251,780,29,0.01637846848060345,0.4405517578125,40.67039297740878,0.6926716751245965,780.0,96.0,0.0053056081136067705,0.3984375,20.868241086355727,0.6610208486285403
790.0,107.0,0.005204530519859813,0.51043701171875,53.91453279094721,0.6662971609245875,790.0,111.0,0.0038512633727477478,0.37933349609375,57.15246280331244,0.6745956722394022,790.0,32.0,0.013946533203125,0.41705322265625,47.08280640011207,0.6476407876569571,790.0,15.0,0.029215494791666668,0.42340087890625,38.542512161616735,0.6293316963900983,790,34,0.013932171989889705,0.439453125,47.701158337482056,0.6269458231674203,790.0,97.0,0.005236438869201031,0.47259521484375,25.767281598001425,0.663806999697668
800.0,96.0,0.005860646565755208,0.51336669921875,46.678448643090526,0.6653308868695923,800.0,78.0,0.005475949018429487,0.39306640625,61.71617129721477,0.6417537840746983,800.0,36.0,0.012535942925347222,0.42352294921875,48.40533681507041,0.6834292015454425,800.0,17.0,0.02596866383272059,0.42578125,38.334924958381144,0.6898475843570937,800,32,0.014783859252929688,0.436767578125,52.1383065897933,0.6504209543742904,800.0,86.0,0.005917571311773256,0.39080810546875,27.14898912654754,0.6652601186541166
810.0,88.0,0.006335171786221591,0.5164794921875,33.650074541566646,0.6686403146624978,810.0,92.0,0.004631374193274457,0.396240234375,75.02563503689575,0.6146622519959037,810.0,33.0,0.01363858309659091,0.42633056640625,37.95467381430509,0.6421162324676392,810.0,18.0,0.024576822916666668,0.4251708984375,39.03619831393227,0.7045887112683643,810,30,0.015738932291666667,0.4361572265625,42.75296208985585,0.6768568099507626,810.0,92.0,0.005495817764945652,0.4830322265625,24.114178329397088,0.6794050212564045
820.0,74.0,0.007552688186233108,0.52374267578125,58.14967054400789,0.6760171336304195,820.0,70.0,0.006238664899553571,0.401611328125,56.668617264410486,0.6767471995582944,820.0,39.0,0.011643629807692308,0.2757568359375,43.718144041670804,0.6715040123150078,820.0,16.0,0.027751922607421875,0.4249267578125,37.938004597357214,0.6927059046747764,820,30,0.015716552734375,0.436279296875,44.28533854794814,0.6703549985654886,820.0,80.0,0.006356048583984375,0.2080078125,23.641567422533814,0.6248710996038583
830.0,79.0,0.007049174248417721,0.51904296875,50.245459443156534,0.6600543175815873,830.0,53.0,0.00853916384139151,0.43115234375,48.61111883943202,0.645976308855683,830.0,34.0,0.013395421645220588,0.27777099609375,46.110046800812206,0.6358547024095034,830.0,24.0,0.01851654052734375,0.423095703125,37.95116368449441,0.6683907100614214,830,26,0.01817908653846154,0.43505859375,38.614120793971715,0.6527387454874328,830.0,91.0,0.005572308550824176,0.40008544921875,30.562181342712485,0.664251568770102
840.0,80.0,0.006911468505859375,0.51025390625,45.39832141355115,0.6634922681918998,840.0,42.0,0.011029924665178572,0.43890380859375,40.156923966115485,0.6539113634913961,840.0,36.0,0.012727525499131944,0.43267822265625,42.84091347688011,0.6486339431947209,840.0,18.0,0.024675157335069444,0.4222412109375,37.839731477153194,0.6237163284673035,840,27,0.017422146267361112,0.4332275390625,52.1176907095588,0.6748720504349695,840.0,93.0,0.005402595766129032,0.20867919921875,24.84133536661125,0.6717979234374718
850.0,86.0,0.006478952807049418,0.52618408203125,56.05127088319506,0.6562106937541629,850.0,39.0,0.012036445813301282,0.43316650390625,54.63521366082814,0.6244532864139448,850.0,31.0,0.014774445564516129,0.28436279296875,48.42374357305155,0.662412080368921,850.0,17.0,0.026148178998161766,0.4210205078125,37.44893649900506,0.6704242270629045,850,28,0.016834803989955356,0.43408203125,41.48645890884388,0.6711723889808114,850.0,89.0,0.005663239554073034,0.40106201171875,40.81932884808551,0.6560702689875072
860.0,83.0,0.006661656391189759,0.52105712890625,56.87298984462428,0.6314762732188891,860.0,60.0,0.007790120442708334,0.43310546875,68.19063188324726,0.6441007049928337,860.0,40.0,0.011444091796875,0.28887939453125,40.228438515330765,0.6009474886215752,860.0,15.0,0.02984619140625,0.422119140625,36.03802880002515,0.6736360790219269,860,32,0.014696121215820312,0.43170166015625,44.293669176792,0.6626975129256205,860.0,95.0,0.0053094161184210524,0.19036865234375,32.72819971441391,0.6683708679977669
870.0,73.0,0.007575048159246575,0.52691650390625,52.18091111041616,0.6540032862691264,870.0,52.0,0.008929912860576924,0.41845703125,56.78166143743764,0.6336476948015605,870.0,35.0,0.013126046316964285,0.29144287109375,35.19603585302131,0.6548020428572343,870.0,18.0,0.024709065755208332,0.418701171875,36.92590949763675,0.6786864272125599,870,32,0.01470947265625,0.4320068359375,41.421181443997156,0.682766155624856,870.0,100.0,0.00505126953125,0.329833984375,25.7556036561295,0.6495935682374208
880.0,90.0,0.006178792317708333,0.53546142578125,58.03150299990796,0.6785460156985189,880.0,56.0,0.00827789306640625,0.3775634765625,63.6061713877442,0.6422443214851487,880.0,28.0,0.016398838588169644,0.29022216796875,51.7055856542745,0.6297258447752293,880.0,14.0,0.031803676060267856,0.4180908203125,36.98949772584489,0.6484558081245941,880,35,0.013516671316964286,0.4339599609375,40.973179470701155,0.6619244932476924,880.0,88.0,0.005783774636008523,0.3369140625,24.391247778697693,0.6683123569584891
890.0,89.0,0.00619335388869382,0.52630615234375,47.025665341551196,0.6837060076516059,890.0,51.0,0.009015251608455883,0.4068603515625,67.40467288601714,0.6494325736739888,890.0,35.0,0.013082449776785715,0.28973388671875,27.360958728825754,0.6943768920960749,890.0,14.0,0.03178187779017857,0.41595458984375,37.649400505337205,0.6825321528677442,890,34,0.01383343864889706,0.4300537109375,39.88845907872744,0.6721232570097208,890.0,86.0,0.005899828533793605,0.1851806640625,20.29786171989597,0.6666431290274123
900.0,83.0,0.006563117705195783,0.5093994140625,45.59281028255794,0.6797112774449767,900.0,63.0,0.007276746961805556,0.36566162109375,63.77531695142487,0.6658184354636492,900.0,38.0,0.01190185546875,0.28936767578125,44.90832413419583,0.6585015825138449,900.0,15.0,0.02987060546875,0.41741943359375,35.06894210490057,0.6189079065698424,900,32,0.0147857666015625,0.43316650390625,38.11011114840384,0.6509867114355832,900.0,77.0,0.006557712307224026,0.4700927734375,21.404199334396147,0.6720611634536359
910.0,84.0,0.006589617047991071,0.5244140625,5.4258875187640285,0.6764572563408936,910.0,51.0,0.008992513020833334,0.36376953125,59.55470408004996,0.6462536628092144,910.0,45.0,0.0100341796875,0.2904052734375,47.67785140470423,0.6361278052224507,910.0,16.0,0.02774810791015625,0.413818359375,43.22067200991779,0.6134645503365107,910,26,0.01802649864783654,0.42938232421875,52.97021080378559,0.6520191669449346,910.0,81.0,0.006285867573302469,0.4039306640625,23.89668344585094,0.686345499586234
920.0,92.0,0.005972157353940217,0.51324462890625,60.515057684429486,0.675817978101609,920.0,58.0,0.007758831155711207,0.326904296875,53.845966455854864,0.6231153666932783,920.0,42.0,0.01066952659970238,0.2862548828125,39.74817216584533,0.6435278113379502,920.0,9.0,0.04903835720486111,0.43841552734375,45.967379738244816,0.671427438235201,920,32,0.014684677124023438,0.42987060546875,43.74823799672016,0.625706485161566,920.0,95.0,0.005351819490131579,0.25115966796875,18.01212259064083,0.6524582646084122
930.0,88.0,0.006190213290127841,0.517578125,45.30195527873374,0.6719248453721184,930.0,65.0,0.00689697265625,0.30560302734375,51.88186700481084,0.635443535575892,930.0,37.0,0.012035472972972973,0.28271484375,49.58328322179673,0.6502113028997201,930.0,17.0,0.025979434742647058,0.4091796875,46.06596596726509,0.6479308483233976,930,38,0.01239013671875,0.42755126953125,38.98404139915116,0.6858040587516152,930.0,82.0,0.006190602372332317,0.3087158203125,33.15496265940493,0.6665162060428795
940.0,80.0,0.00692138671875,0.53546142578125,54.87653494878967,0.6584488003798185,940.0,69.0,0.006305197010869565,0.27545166015625,54.303675132862345,0.645348492992553,940.0,42.0,0.010531470889136904,0.28045654296875,46.53729676621765,0.659333001300014,940.0,13.0,0.03371018629807692,0.4061279296875,42.474699042326,0.6298633133905162,940,33,0.014330314867424242,0.43060302734375,39.35916133718189,0.6980664685490952,940.0,94.0,0.005379534782247341,0.48040771484375,32.50875218641056,0.648999430345633
950.0,94.0,0.005861972240691489,0.51702880859375,35.26740458643322,0.6643886871473367,950.0,68.0,0.006360222311580882,0.2470703125,40.6854206545677,0.6573774445137351,950.0,38.0,0.011567768297697368,0.2774658203125,37.144989207148676,0.6269586016891711,950.0,18.0,0.024251302083333332,0.40325927734375,36.73633409582608,0.6794370954020443,950,38,0.012340344880756578,0.42706298828125,38.511393998314034,0.6996614294953157,950.0,85.0,0.005971392463235294,0.39752197265625,35.794484999685054,0.6457066750955873
960.0,93.0,0.005938130040322581,0.52044677734375,60.69738701729053,0.6610068665799425,960.0,75.0,0.005685221354166666,0.20660400390625,41.235153214738816,0.6433611029480466,960.0,41.0,0.010676686356707318,0.27471923828125,33.02668940344082,0.7106020618044319,960.0,21.0,0.020737420944940476,0.4019775390625,36.9374410417332,0.6060968680852612,960,31,0.015237131426411291,0.45263671875,36.25736074434962,0.6312826810430495,960.0,86.0,0.005862213844476744,0.399658203125,31.61606558033418,0.6676483796438096
970.0,76.0,0.007233469109786184,0.53057861328125,51.498262357195635,0.668504112163698,970.0,79.0,0.005374956734572785,0.19586181640625,37.85369744661154,0.6763665905598482,970.0,40.0,0.01077728271484375,0.26873779296875,43.22500940550726,0.6362626608210261,970.0,14.0,0.030970982142857144,0.429931640625,48.47995609244197,0.6453559293794582,970,24,0.01959228515625,0.42779541015625,45.71686441482905,0.6762685609318064,970.0,103.0,0.004931996169599514,0.23187255859375,27.35797304456765,0.6430656833580072
980.0,74.0,0.007513097814611487,0.5350341796875,56.33772796673991,0.6625549228529697,980.0,72.0,0.005766126844618056,0.1898193359375,46.84226962992741,0.6415272856848591,980.0,44.0,0.009681008078835228,0.26129150390625,46.44754078051954,0.6471803241499519,980.0,14.0,0.030705043247767856,0.39691162109375,30.188373309435296,0.6374175702092992,980,27,0.017530653211805556,0.4317626953125,42.900664310160835,0.7008113783726202,980.0,85.0,0.0059900620404411764,0.33453369140625,25.650518655371272,0.6517988770264506
990.0,87.0,0.00635186557112069,0.51953125,60.89812534764487,0.6589062487018001,990.0,90.0,0.004627143012152778,0.19268798828125,38.86095722148894,0.6663686442051604,990.0,49.0,0.008492606026785714,0.25390625,51.587054728170145,0.7007556733530796,990.0,18.0,0.023895263671875,0.42431640625,41.006091150828304,0.6446349914643319,990,25,0.0188232421875,0.4273681640625,40.096940642912145,0.6758694605519548,990.0,98.0,0.005189233896683673,0.4129638671875,19.22982153062636,0.6703636375838292
1000.0,82.0,0.006733964129192073,0.52423095703125,52.09242623292018,0.668924279240546,1000.0,72.0,0.0057373046875,0.1668701171875,32.39481174168784,0.6179190480598101,1000.0,52.0,0.007921659029447116,0.2513427734375,47.60835866753738,0.6348249943737945,1000.0,14.0,0.030386788504464284,0.39154052734375,41.19301847740646,0.637137770551038,1000,30,0.015692138671875,0.42572021484375,36.49052111846,0.6974018565291809,1000.0,73.0,0.006973893675085617,0.4193115234375,33.88589156615219,0.6358921770049707
1001.0,92.0,0.005997367527173913,0.515380859375,57.82741917189447,0.6356163892156242,,,,,,,1001.0,49.0,0.008429079639668368,0.25274658203125,47.16768936426728,0.6606141488589126,1010.0,15.0,0.028202311197916666,0.3902587890625,37.55694521663769,0.6451348329327574,1010,33,0.014184200402462122,0.42181396484375,42.0970253401139,0.6540305883036991,1010.0,91.0,0.005536089886675824,0.33221435546875,22.302477800475472,0.6648481115192062
,,,,,,,,,,,,,,,,,,1020.0,16.0,0.026454925537109375,0.38983154296875,48.49266896426301,0.6511001761553383,1020,29,0.01619746767241379,0.42425537109375,36.60837141396584,0.6647268491205012,1020.0,80.0,0.00630035400390625,0.33355712890625,45.06334725225267,0.6561076135247712
,,,,,,,,,,,,,,,,,,1030.0,22.0,0.019228848544034092,0.38702392578125,39.319658497249485,0.6567090046497784,1030,32,0.014759063720703125,0.45050048828125,34.00386019811311,0.6451309606525134,1030.0,86.0,0.0059126033339389535,0.42010498046875,17.997981643873146,0.6581102006286996
,,,,,,,,,,,,,,,,,,1040.0,23.0,0.01816193953804348,0.38104248046875,41.7074268204403,0.6569605697802349,1040,29,0.016241665544181036,0.4300537109375,30.984752827678086,0.6791825238951485,1038.0,89.0,0.0056735263781601125,0.46734619140625,25.358352424020058,0.6516871545795548
,,,,,,,,,,,,,,,,,,1050.0,22.0,0.019009676846590908,0.38043212890625,41.057651929037206,0.6979744771244525,1050,35,0.013436453683035714,0.421142578125,41.39468307997463,0.7093235635980947,,,,,,
,,,,,,,,,,,,,,,,,,1060.0,29.0,0.014318005792025862,0.37677001953125,42.95159997931423,0.633159526579649,1060,32,0.01477813720703125,0.4241943359375,32.838366136592796,0.6919646397995698,,,,,,
,,,,,,,,,,,,,,,,,,1070.0,27.0,0.015290436921296295,0.37451171875,43.448304328988776,0.6450810615955039,1070,29,0.016210095635775863,0.42138671875,45.96384207233166,0.6792730073402214,,,,,,
,,,,,,,,,,,,,,,,,,1080.0,18.0,0.022983127170138888,0.376220703125,42.83697277973209,0.5767500481573634,1080,28,0.016717093331473216,0.42156982421875,35.645024695566114,0.6589768109418734,,,,,,
,,,,,,,,,,,,,,,,,,1090.0,16.0,0.02568817138671875,0.3709716796875,43.02700555914061,0.6285517748408571,1090,30,0.01558837890625,0.4188232421875,33.45478782330941,0.6768737186322603,,,,,,
,,,,,,,,,,,,,,,,,,1100.0,25.0,0.0164453125,0.367919921875,38.391408252105265,0.609239247633073,1100,34,0.013768813189338236,0.4237060546875,28.40750770491229,0.682758455631759,,,,,,
,,,,,,,,,,,,,,,,,,1110.0,26.0,0.01575646033653846,0.36639404296875,41.597159503442775,0.6680152284919588,1110,27,0.017338505497685185,0.42303466796875,36.2867968034515,0.7014258758132729,,,,,,
,,,,,,,,,,,,,,,,,,1120.0,27.0,0.014994303385416666,0.3614501953125,43.878110247917434,0.6635459306829762,1120,27,0.01727068865740741,0.41748046875,36.95755820335527,0.6759220547186467,,,,,,
,,,,,,,,,,,,,,,,,,1130.0,28.0,0.014495849609375,0.36102294921875,39.80352175079223,0.6589028202849964,1130,34,0.013740090762867647,0.4425048828125,34.48668627459185,0.664946447725356,,,,,,
,,,,,,,,,,,,,,,,,,1140.0,22.0,0.018479780717329544,0.3612060546875,21.941968055590344,0.6052749574909039,1140,26,0.01792320838341346,0.42242431640625,36.59864511617726,0.6705456718256408,,,,,,
,,,,,,,,,,,,,,,,,,1150.0,25.0,0.0161279296875,0.3585205078125,43.04280250766872,0.6672667224683071,1150,29,0.016140641837284482,0.4449462890625,40.23048951198437,0.7314584471456723,,,,,,
,,,,,,,,,,,,,,,,,,1160.0,32.0,0.012577056884765625,0.35382080078125,53.27234816971679,0.6425453035039634,1160,25,0.01869873046875,0.45050048828125,27.58008882361754,0.6138180849327355,,,,,,
,,,,,,,,,,,,,,,,,,1161.0,37.0,0.01089889938766892,0.35552978515625,41.15063468695822,0.6064786915053728,1170,36,0.013029310438368056,0.42138671875,36.74473216577659,0.6510907096599998,,,,,,
,,,,,,,,,,,,,,,,,,,,,,,,1177,28,0.016684395926339284,0.442626953125,35.17415409351661,0.6561331455392567,,,,,,
